<?xml version="1.0" encoding="UTF-8"?>
<configuration>
	<!-- <property name="DEV_HOME" value="/home/npst/logs/Cosmos/Timepay/UpiServer" /> -->
<property name="DEV_HOME" value="/home/npst/logs/upi/cosmosTimePay/upiServer"/>
	<appender name="fileAppender"
		class="ch.qos.logback.core.rolling.RollingFileAppender">
		<file>${DEV_HOME}/upiserver.log</file>
		<rollingPolicy
			class="ch.qos.logback.core.rolling.TimeBasedRollingPolicy">
			<fileNamePattern>${DEV_HOME}/archived/upiserver.%d{yyyy-MM-dd-HH}.log</fileNamePattern>
		</rollingPolicy>
		<encoder>
			<pattern>[%d{dd-MM-yyyy HH:mm:ss:SSS}] [%thread] %-5level %logger{35} - %msg%n</pattern>
		</encoder>
	</appender>

	<appender name="dbhikariAppender"
		class="ch.qos.logback.core.rolling.RollingFileAppender">
		<file>${DEV_HOME}/hikari_upiserver.log</file>
		<rollingPolicy class="ch.qos.logback.core.rolling.TimeBasedRollingPolicy">
			daily rollover
			<fileNamePattern>${DEV_HOME}/archived/hikari_upiserver.%d{yyyy-MM-dd}.log</fileNamePattern>
<!-- 			<maxHistory>60</maxHistory> -->
		</rollingPolicy>
		<encoder>
			<pattern>[%d{dd-MM-yyyy HH:mm:ss:SSS}] [%thread] %-5level %logger{35} - %msg%n</pattern>
		</encoder>
	</appender>

	<appender name="monitor_Appender"
		class="ch.qos.logback.core.rolling.RollingFileAppender">
		<file>${DEV_HOME}/npci_middleware_monitor.log</file>
		<rollingPolicy class="ch.qos.logback.core.rolling.TimeBasedRollingPolicy">
			<!-- daily rollover -->
			<fileNamePattern>${DEV_HOME}/archived/npci_middleware_monitor.%d{yyyy-MM-dd}.log</fileNamePattern>
			<!-- keep 30 days' worth of history capped at 3GB total size -->
<!-- 			<maxHistory>60</maxHistory> -->
		</rollingPolicy>
		<encoder>
			<pattern>[%d{dd-MM-yyyy HH:mm:ss:SSS}] [%thread] %-5level %logger{0}- %msg%n</pattern>
		</encoder>
	</appender>

	<logger name="com.npst.upiserver.util.MonitorLog" level="INFO"
		additivity="false">
		<appender-ref ref="monitor_Appender" />
	</logger>
	<logger name="com.zaxxer.hikari" level="DEBUG" additivity="true">
		<appender-ref ref="dbhikariAppender" />
	</logger>
	<root level="INFO">
		<appender-ref ref="fileAppender" />
	</root>
</configuration>